JAPKT 1706 PER-EM TT-6030,JAPKT 1706,TAEGUTEC INDIA PRIVATE LIMITED,29AAACT9923C1Z9
CCMT 307 308 MT TT:7310,CCMT 307 308,TAEGUTEC INDIA PRIVATE LIMITED,29AAACT9923C1Z10
DCMT 117304 AT TT1300,DCMT 117304,TAEGUTEC INDIA PRIVATE LIMITED,29AAACT9923C1Z11
HNWX 050410-FM TT6030,HNWX 050410,TAEGUTEC INDIA PRIVATE LIMITED,29AAACT9923C1Z12
SEMT 1304 PETR-MIT6030,SEMT 1304,TAEGUTEC INDIA PRIVATE LIMITED,29AAACT9923C1Z13
SAMA 12040 117310,SAMA 12040,TAEGUTEC INDIA PRIVATE LIMITED,29AAACT9923C1Z14
TCGT 090204 FL K10,TCGT 090204,TAEGUTEC INDIA PRIVATE LIMITED,29AAACT9923C1Z15
TOMT 110203 MT TT T310 3518112,TOMT 110203,TAEGUTEC INDIA PRIVATE LIMITED,29AAACT9923C1Z16
TOT IF-04 K10,TOT IF-04,TAEGUTEC INDIA PRIVATE LIMITED,29AAACT9923C1Z17
TPKT 1204 FOR-MTT 5030,TPKT 1204,TAEGUTEC INDIA PRIVATE LIMITED,29AAACT9923C1Z18
IPK 180425-5016 71.600,IPK 180425,TAEGUTEC INDIA PRIVATE LIMITED,29AAACT9923C1Z19
VNAG 130408 MY TU15,VNAG 130408,TAEGUTEC INDIA PRIVATE LIMITED,29AAACT9923C1Z20
XNAT 150412 30C K18,XNAT 150412,TAEGUTEC INDIA PRIVATE LIMITED,29AAACT9923C1Z21
SEMT 1304 PETR EM TT 6030,SEMT 1304,TAEGUTEC INDIA PRIVATE LIMITED,29AAACT9923C1Z22
TOT 3E-1 5-RU TT 6030,TOT 3E-1,TAEGUTEC INDIA PRIVATE LIMITED,29AAACT9923C1Z23
ENKO 153508 PNTR-M II E020,ENKO 153508,TAEGUTEC INDIA PRIVATE LIMITED,29AAACT9923C1Z24